Post Number,Likes,Political Party
1,2438,PS
2,1663,PS
3,1339,PS
4,1673,PS
5,1167,PS
6,2308,PS
7,1682,PS
8,5288,PS
9,2353,PS
10,1519,PS
11,848,PS
12,1378,PS
13,1632,PS
14,1825,PS
15,1054,PS
16,1716,PS
17,1949,PS
18,1617,PS
19,1943,PS
20,1215,PS
21,1380,PS
22,987,PS
23,709,PS
24,780,PS
25,1304,PS
26,1515,PS
27,681,PS
28,942,PS
29,2189,PS
30,1153,PS
31,1180,PS
32,1174,PS
33,671,PS
34,1297,PS
35,1359,PS
36,1020,PS
37,901,PS
38,864,PS
39,1128,PS
40,1490,PS
41,676,PS
42,633,PS
43,1111,PS
44,787,PS
45,808,PS
46,1103,PS
47,898,PS
48,1945,PS
49,2018,PS
50,1385,PS
51,1310,PS
52,887,PS
53,611,PS
54,1094,PS
55,1793,PS
56,1940,PS
57,2057,PS
58,1090,PS
59,986,PS
60,808,PS
61,1669,PS
62,1143,PS
63,2220,PS
64,865,PS
65,1249,PS
66,1310,PS
67,891,PS
68,849,PS
69,1748,PS
70,878,PS
71,635,PS
72,1278,PS
73,1090,PS
74,1538,PS
75,2778,PS
76,918,PS
77,2124,PS
78,609,PS
79,713,PS
80,2710,PS
81,2456,PS
82,981,PS
83,1122,PS
84,686,PS
85,840,PS
86,642,PS
87,867,PS
88,1340,PS
89,2129,PS
90,775,PS
91,1455,PS
92,1382,PS
93,914,PS
94,1739,PS
95,448,PS
96,1234,PS
97,1161,PS
98,860,PS
99,984,PS
100,1462,PS
101,936,PS
102,945,PS
103,1755,PS
104,892,PS
105,2219,PS
106,1508,PS
107,1233,PS
108,887,PS
109,1006,PS
110,962,PS
111,646,PS
112,1085,PS
113,1358,PS
114,820,PS
115,1461,PS
116,1182,PS
117,1724,PS
118,1763,PS
119,1902,PS
120,1148,PS
121,1276,PS
122,1320,PS
123,707,PS
124,886,PS
125,1356,PS
126,1290,PS
127,1146,PS
128,507,PS
129,1700,PS
130,1284,PS
131,779,PS
132,749,PS
133,1386,PS
134,532,PS
135,611,PS
136,751,PS
137,544,PS
138,1181,PS
139,741,PS
140,651,PS
141,1326,PS
142,1628,PS
143,1845,PS
144,613,PS
145,838,PS
146,3373,PS
147,810,PS
148,782,PS
149,539,PS
150,1060,PS
151,642,PS
152,767,PS
153,849,PS
154,1139,PS
155,1110,PS
156,2903,PS
157,568,PS
158,1145,PS
159,897,PS
160,868,PS
161,421,PS
162,691,PS
163,1056,PS
164,1190,PS
165,319,PS
166,746,PS
167,1418,PS
168,744,PS
169,1025,PS
170,1570,PS
171,848,PS
172,904,PS
173,1620,PS
174,958,PS
175,907,PS
176,1130,PS
177,380,PS
178,1293,PS
179,1166,PS
180,1852,PS
181,2300,PS
182,559,PS
183,1022,PS
184,583,PS
185,308,PS
186,1275,PS
187,1064,PS
188,839,PS
189,510,PS
190,575,PS
191,745,PS
192,1185,PS
193,717,PS
194,299,PS
195,703,PS
196,880,PS
197,732,PS
198,1598,PS
199,1314,PS
200,524,PS
201,1119,PS
202,611,PS
203,1529,PS
204,586,PS
205,1031,PS
206,944,PS
207,597,PS
208,816,PS
209,481,PS
210,706,PS
211,780,PS
212,722,PS
213,1416,PS
214,682,PS
215,541,PS
216,448,PS
217,659,PS
218,606,PS
219,848,PS
220,330,PS
221,713,PS
222,917,PS
223,433,PS
224,778,PS
225,662,PS
226,377,PS
227,622,PS
228,839,PS
229,787,PS
230,355,PS
231,757,PS
232,1634,PS
233,569,PS
234,466,PS
235,471,PS
236,1024,PS
237,651,PS
238,674,PS
239,901,PS
240,1064,PS
241,778,PS
242,1002,PS
243,724,PS
244,855,PS
245,837,PS
246,883,PS
247,675,PS
248,426,PS
249,776,PS
250,980,PS
251,946,PS
252,1756,PS
253,1266,PS
254,1646,PS
255,1136,PS
256,1322,PS
257,2734,PS
258,543,PS
259,669,PS
260,1372,PS
1,5950,PPD/PSD.CDS-PP.PPM
2,2460,PPD/PSD.CDS-PP.PPM
3,4299,PPD/PSD.CDS-PP.PPM
4,3481,PPD/PSD.CDS-PP.PPM
5,4490,PPD/PSD.CDS-PP.PPM
6,2203,PPD/PSD.CDS-PP.PPM
7,2791,PPD/PSD.CDS-PP.PPM
8,4111,PPD/PSD.CDS-PP.PPM
9,3496,PPD/PSD.CDS-PP.PPM
10,2301,PPD/PSD.CDS-PP.PPM
11,1845,PPD/PSD.CDS-PP.PPM
12,1074,PPD/PSD.CDS-PP.PPM
13,4192,PPD/PSD.CDS-PP.PPM
14,1418,PPD/PSD.CDS-PP.PPM
15,1749,PPD/PSD.CDS-PP.PPM
16,3245,PPD/PSD.CDS-PP.PPM
17,5528,PPD/PSD.CDS-PP.PPM
18,2291,PPD/PSD.CDS-PP.PPM
19,2132,PPD/PSD.CDS-PP.PPM
20,1387,PPD/PSD.CDS-PP.PPM
21,1456,PPD/PSD.CDS-PP.PPM
22,3071,PPD/PSD.CDS-PP.PPM
23,2040,PPD/PSD.CDS-PP.PPM
24,3034,PPD/PSD.CDS-PP.PPM
25,3220,PPD/PSD.CDS-PP.PPM
26,3461,PPD/PSD.CDS-PP.PPM
27,2212,PPD/PSD.CDS-PP.PPM
28,1597,PPD/PSD.CDS-PP.PPM
29,5783,PPD/PSD.CDS-PP.PPM
30,2295,PPD/PSD.CDS-PP.PPM
31,1929,PPD/PSD.CDS-PP.PPM
32,13547,PPD/PSD.CDS-PP.PPM
33,1966,PPD/PSD.CDS-PP.PPM
34,1439,PPD/PSD.CDS-PP.PPM
35,2414,PPD/PSD.CDS-PP.PPM
36,698,PPD/PSD.CDS-PP.PPM
37,1595,PPD/PSD.CDS-PP.PPM
38,1709,PPD/PSD.CDS-PP.PPM
39,1664,PPD/PSD.CDS-PP.PPM
40,1207,PPD/PSD.CDS-PP.PPM
41,1313,PPD/PSD.CDS-PP.PPM
42,1570,PPD/PSD.CDS-PP.PPM
43,1033,PPD/PSD.CDS-PP.PPM
44,1643,PPD/PSD.CDS-PP.PPM
45,1030,PPD/PSD.CDS-PP.PPM
46,1789,PPD/PSD.CDS-PP.PPM
47,1266,PPD/PSD.CDS-PP.PPM
48,2414,PPD/PSD.CDS-PP.PPM
49,1127,PPD/PSD.CDS-PP.PPM
50,3268,PPD/PSD.CDS-PP.PPM
51,994,PPD/PSD.CDS-PP.PPM
52,1179,PPD/PSD.CDS-PP.PPM
53,1133,PPD/PSD.CDS-PP.PPM
54,1875,PPD/PSD.CDS-PP.PPM
55,1476,PPD/PSD.CDS-PP.PPM
56,1054,PPD/PSD.CDS-PP.PPM
57,2568,PPD/PSD.CDS-PP.PPM
58,1423,PPD/PSD.CDS-PP.PPM
59,1876,PPD/PSD.CDS-PP.PPM
60,1927,PPD/PSD.CDS-PP.PPM
61,503,PPD/PSD.CDS-PP.PPM
62,1140,PPD/PSD.CDS-PP.PPM
63,2178,PPD/PSD.CDS-PP.PPM
64,668,PPD/PSD.CDS-PP.PPM
65,1001,PPD/PSD.CDS-PP.PPM
66,3345,PPD/PSD.CDS-PP.PPM
67,765,PPD/PSD.CDS-PP.PPM
68,1340,PPD/PSD.CDS-PP.PPM
69,3367,PPD/PSD.CDS-PP.PPM
70,1467,PPD/PSD.CDS-PP.PPM
71,1887,PPD/PSD.CDS-PP.PPM
72,2009,PPD/PSD.CDS-PP.PPM
73,1385,PPD/PSD.CDS-PP.PPM
74,1718,PPD/PSD.CDS-PP.PPM
75,1017,PPD/PSD.CDS-PP.PPM
76,1027,PPD/PSD.CDS-PP.PPM
77,3942,PPD/PSD.CDS-PP.PPM
78,913,PPD/PSD.CDS-PP.PPM
79,878,PPD/PSD.CDS-PP.PPM
80,1723,PPD/PSD.CDS-PP.PPM
81,1018,PPD/PSD.CDS-PP.PPM
82,1493,PPD/PSD.CDS-PP.PPM
83,3497,PPD/PSD.CDS-PP.PPM
84,1406,PPD/PSD.CDS-PP.PPM
85,1244,PPD/PSD.CDS-PP.PPM
86,3219,PPD/PSD.CDS-PP.PPM
87,1032,PPD/PSD.CDS-PP.PPM
88,833,PPD/PSD.CDS-PP.PPM
89,995,PPD/PSD.CDS-PP.PPM
90,1391,PPD/PSD.CDS-PP.PPM
91,1198,PPD/PSD.CDS-PP.PPM
92,1905,PPD/PSD.CDS-PP.PPM
93,1031,PPD/PSD.CDS-PP.PPM
94,1214,PPD/PSD.CDS-PP.PPM
95,646,PPD/PSD.CDS-PP.PPM
96,2276,PPD/PSD.CDS-PP.PPM
97,5917,PPD/PSD.CDS-PP.PPM
98,1561,PPD/PSD.CDS-PP.PPM
99,10447,PPD/PSD.CDS-PP.PPM
100,1041,PPD/PSD.CDS-PP.PPM
101,1035,PPD/PSD.CDS-PP.PPM
102,1449,PPD/PSD.CDS-PP.PPM
103,864,PPD/PSD.CDS-PP.PPM
104,1031,PPD/PSD.CDS-PP.PPM
105,2421,PPD/PSD.CDS-PP.PPM
106,1283,PPD/PSD.CDS-PP.PPM
107,1317,PPD/PSD.CDS-PP.PPM
108,1205,PPD/PSD.CDS-PP.PPM
109,1067,PPD/PSD.CDS-PP.PPM
110,1707,PPD/PSD.CDS-PP.PPM
111,1454,PPD/PSD.CDS-PP.PPM
112,1476,PPD/PSD.CDS-PP.PPM
113,1552,PPD/PSD.CDS-PP.PPM
114,3590,PPD/PSD.CDS-PP.PPM
115,1446,PPD/PSD.CDS-PP.PPM
116,1184,PPD/PSD.CDS-PP.PPM
117,898,PPD/PSD.CDS-PP.PPM
118,499,PPD/PSD.CDS-PP.PPM
119,639,PPD/PSD.CDS-PP.PPM
120,1679,PPD/PSD.CDS-PP.PPM
121,1812,PPD/PSD.CDS-PP.PPM
122,2160,PPD/PSD.CDS-PP.PPM
123,834,PPD/PSD.CDS-PP.PPM
124,2302,PPD/PSD.CDS-PP.PPM
125,1052,PPD/PSD.CDS-PP.PPM
126,820,PPD/PSD.CDS-PP.PPM
127,883,PPD/PSD.CDS-PP.PPM
128,1037,PPD/PSD.CDS-PP.PPM
129,784,PPD/PSD.CDS-PP.PPM
130,1824,PPD/PSD.CDS-PP.PPM
131,2028,PPD/PSD.CDS-PP.PPM
132,3087,PPD/PSD.CDS-PP.PPM
133,1443,PPD/PSD.CDS-PP.PPM
134,3836,PPD/PSD.CDS-PP.PPM
135,885,PPD/PSD.CDS-PP.PPM
136,1089,PPD/PSD.CDS-PP.PPM
137,1247,PPD/PSD.CDS-PP.PPM
138,1905,PPD/PSD.CDS-PP.PPM
139,2742,PPD/PSD.CDS-PP.PPM
140,3171,PPD/PSD.CDS-PP.PPM
141,1426,PPD/PSD.CDS-PP.PPM
142,708,PPD/PSD.CDS-PP.PPM
143,893,PPD/PSD.CDS-PP.PPM
144,1157,PPD/PSD.CDS-PP.PPM
145,2812,PPD/PSD.CDS-PP.PPM
146,1129,PPD/PSD.CDS-PP.PPM
147,980,PPD/PSD.CDS-PP.PPM
148,1237,PPD/PSD.CDS-PP.PPM
149,2576,PPD/PSD.CDS-PP.PPM
150,1382,PPD/PSD.CDS-PP.PPM
151,1392,PPD/PSD.CDS-PP.PPM
152,804,PPD/PSD.CDS-PP.PPM
153,913,PPD/PSD.CDS-PP.PPM
154,903,PPD/PSD.CDS-PP.PPM
155,861,PPD/PSD.CDS-PP.PPM
156,893,PPD/PSD.CDS-PP.PPM
157,1261,PPD/PSD.CDS-PP.PPM
158,848,PPD/PSD.CDS-PP.PPM
159,1913,PPD/PSD.CDS-PP.PPM
160,1525,PPD/PSD.CDS-PP.PPM
161,2103,PPD/PSD.CDS-PP.PPM
162,3212,PPD/PSD.CDS-PP.PPM
163,1333,PPD/PSD.CDS-PP.PPM
164,1358,PPD/PSD.CDS-PP.PPM
165,847,PPD/PSD.CDS-PP.PPM
166,1695,PPD/PSD.CDS-PP.PPM
167,856,PPD/PSD.CDS-PP.PPM
168,1037,PPD/PSD.CDS-PP.PPM
169,1936,PPD/PSD.CDS-PP.PPM
170,1364,PPD/PSD.CDS-PP.PPM
171,1537,PPD/PSD.CDS-PP.PPM
172,1494,PPD/PSD.CDS-PP.PPM
173,829,PPD/PSD.CDS-PP.PPM
174,1278,PPD/PSD.CDS-PP.PPM
175,1186,PPD/PSD.CDS-PP.PPM
176,1416,PPD/PSD.CDS-PP.PPM
177,1450,PPD/PSD.CDS-PP.PPM
178,851,PPD/PSD.CDS-PP.PPM
179,1090,PPD/PSD.CDS-PP.PPM
180,1322,PPD/PSD.CDS-PP.PPM
181,3078,PPD/PSD.CDS-PP.PPM
182,1423,PPD/PSD.CDS-PP.PPM
183,779,PPD/PSD.CDS-PP.PPM
184,1375,PPD/PSD.CDS-PP.PPM
185,1435,PPD/PSD.CDS-PP.PPM
186,1648,PPD/PSD.CDS-PP.PPM
187,3659,PPD/PSD.CDS-PP.PPM
188,3605,PPD/PSD.CDS-PP.PPM
189,1159,PPD/PSD.CDS-PP.PPM
190,1282,PPD/PSD.CDS-PP.PPM
191,1960,PPD/PSD.CDS-PP.PPM
192,1624,PPD/PSD.CDS-PP.PPM
193,4102,PPD/PSD.CDS-PP.PPM
194,1233,PPD/PSD.CDS-PP.PPM
195,3037,PPD/PSD.CDS-PP.PPM
196,1076,PPD/PSD.CDS-PP.PPM
197,1889,PPD/PSD.CDS-PP.PPM
198,1048,PPD/PSD.CDS-PP.PPM
199,1215,PPD/PSD.CDS-PP.PPM
200,1456,PPD/PSD.CDS-PP.PPM
201,1426,PPD/PSD.CDS-PP.PPM
202,618,PPD/PSD.CDS-PP.PPM
203,855,PPD/PSD.CDS-PP.PPM
204,1225,PPD/PSD.CDS-PP.PPM
205,911,PPD/PSD.CDS-PP.PPM
206,675,PPD/PSD.CDS-PP.PPM
207,1913,PPD/PSD.CDS-PP.PPM
208,1662,PPD/PSD.CDS-PP.PPM
209,867,PPD/PSD.CDS-PP.PPM
210,1386,PPD/PSD.CDS-PP.PPM
211,1604,PPD/PSD.CDS-PP.PPM
212,531,PPD/PSD.CDS-PP.PPM
213,576,PPD/PSD.CDS-PP.PPM
214,950,PPD/PSD.CDS-PP.PPM
215,1386,PPD/PSD.CDS-PP.PPM
216,495,PPD/PSD.CDS-PP.PPM
217,820,PPD/PSD.CDS-PP.PPM
218,1404,PPD/PSD.CDS-PP.PPM
219,645,PPD/PSD.CDS-PP.PPM
220,636,PPD/PSD.CDS-PP.PPM
221,2457,PPD/PSD.CDS-PP.PPM
222,719,PPD/PSD.CDS-PP.PPM
223,730,PPD/PSD.CDS-PP.PPM
224,546,PPD/PSD.CDS-PP.PPM
225,1266,PPD/PSD.CDS-PP.PPM
226,1269,PPD/PSD.CDS-PP.PPM
227,2966,PPD/PSD.CDS-PP.PPM
228,1655,PPD/PSD.CDS-PP.PPM
229,2297,PPD/PSD.CDS-PP.PPM
230,1964,PPD/PSD.CDS-PP.PPM
231,1193,PPD/PSD.CDS-PP.PPM
232,905,PPD/PSD.CDS-PP.PPM
233,4765,PPD/PSD.CDS-PP.PPM
234,2085,PPD/PSD.CDS-PP.PPM
235,2672,PPD/PSD.CDS-PP.PPM
236,861,PPD/PSD.CDS-PP.PPM
237,2087,PPD/PSD.CDS-PP.PPM
238,1626,PPD/PSD.CDS-PP.PPM
239,2937,PPD/PSD.CDS-PP.PPM
240,745,PPD/PSD.CDS-PP.PPM
241,958,PPD/PSD.CDS-PP.PPM
242,703,PPD/PSD.CDS-PP.PPM
243,200,PPD/PSD.CDS-PP.PPM
244,890,PPD/PSD.CDS-PP.PPM
245,898,PPD/PSD.CDS-PP.PPM
246,1283,PPD/PSD.CDS-PP.PPM
247,1868,PPD/PSD.CDS-PP.PPM
248,1076,PPD/PSD.CDS-PP.PPM
249,1345,PPD/PSD.CDS-PP.PPM
250,2552,PPD/PSD.CDS-PP.PPM
251,1228,PPD/PSD.CDS-PP.PPM
252,743,PPD/PSD.CDS-PP.PPM
253,580,PPD/PSD.CDS-PP.PPM
254,406,PPD/PSD.CDS-PP.PPM
255,1693,PPD/PSD.CDS-PP.PPM
256,672,PPD/PSD.CDS-PP.PPM
257,2387,PPD/PSD.CDS-PP.PPM
258,555,PPD/PSD.CDS-PP.PPM
259,741,PPD/PSD.CDS-PP.PPM
260,594,PPD/PSD.CDS-PP.PPM
261,4273,PPD/PSD.CDS-PP.PPM
262,4080,PPD/PSD.CDS-PP.PPM
263,2983,PPD/PSD.CDS-PP.PPM
264,886,PPD/PSD.CDS-PP.PPM
265,765,PPD/PSD.CDS-PP.PPM
266,766,PPD/PSD.CDS-PP.PPM
267,1133,PPD/PSD.CDS-PP.PPM
268,520,PPD/PSD.CDS-PP.PPM
269,670,PPD/PSD.CDS-PP.PPM
1,23702,CH
2,7762,CH
3,26534,CH
4,8709,CH
5,14309,CH
6,14032,CH
7,13485,CH
8,7843,CH
9,13203,CH
10,6069,CH
11,12068,CH
12,12260,CH
13,20944,CH
14,15483,CH
15,7200,CH
16,12413,CH
17,11291,CH
18,9839,CH
19,7086,CH
20,6930,CH
21,6038,CH
22,7106,CH
23,2491,CH
24,10315,CH
25,7461,CH
26,6380,CH
27,5916,CH
28,9697,CH
29,10839,CH
30,8873,CH
31,7765,CH
32,10896,CH
33,5058,CH
34,2505,CH
35,2235,CH
36,9752,CH
37,7088,CH
38,8152,CH
39,16151,CH
40,8778,CH
41,11970,CH
42,8393,CH
43,5684,CH
44,7432,CH
45,11000,CH
46,3578,CH
47,6181,CH
48,2735,CH
49,8863,CH
50,7857,CH
51,6070,CH
52,7564,CH
53,9217,CH
54,6668,CH
55,11156,CH
56,4185,CH
57,3116,CH
58,17969,CH
59,7112,CH
60,16232,CH
61,13822,CH
62,2924,CH
63,8476,CH
64,3540,CH
65,8763,CH
66,7399,CH
67,15958,CH
68,14305,CH
69,10719,CH
70,6588,CH
71,13825,CH
72,4180,CH
73,3816,CH
74,17282,CH
75,6923,CH
76,15510,CH
77,10354,CH
78,17944,CH
79,4052,CH
80,9008,CH
81,15474,CH
82,13832,CH
83,6959,CH
84,4723,CH
85,6052,CH
86,2655,CH
87,4868,CH
88,10479,CH
89,9181,CH
90,22005,CH
91,4984,CH
92,3362,CH
93,3450,CH
94,3035,CH
95,3623,CH
96,6437,CH
97,15324,CH
98,4220,CH
99,15203,CH
100,2700,CH
101,4657,CH
102,12609,CH
103,5958,CH
104,15474,CH
105,4087,CH
106,8982,CH
107,1645,CH
108,9436,CH
109,6485,CH
110,1725,CH
111,7453,CH
112,4225,CH
113,10963,CH
114,5322,CH
115,6548,CH
116,12849,CH
117,2105,CH
118,7497,CH
119,14535,CH
120,2016,CH
121,4233,CH
122,16080,CH
123,13994,CH
124,5517,CH
125,8988,CH
126,5911,CH
127,11830,CH
128,12506,CH
129,6979,CH
130,9817,CH
131,2065,CH
132,3043,CH
133,9513,CH
134,2957,CH
135,10298,CH
136,1832,CH
137,4786,CH
138,2602,CH
139,2775,CH
140,4568,CH
141,13196,CH
142,14476,CH
143,9556,CH
144,30272,CH
145,9199,CH
146,5475,CH
147,2834,CH
148,1952,CH
149,11968,CH
150,1860,CH
151,13721,CH
152,4390,CH
153,3659,CH
154,5843,CH
155,2713,CH
156,10853,CH
157,1557,CH
158,6677,CH
159,15734,CH
160,13004,CH
161,5249,CH
162,2086,CH
163,3345,CH
164,6117,CH
165,6637,CH
166,14955,CH
167,4002,CH
168,10937,CH
169,5904,CH
170,4425,CH
171,3799,CH
172,6836,CH
173,2528,CH
174,4943,CH
175,9137,CH
176,11023,CH
177,4547,CH
178,1624,CH
179,8123,CH
180,22850,CH
181,4992,CH
182,7313,CH
183,4177,CH
184,10869,CH
185,5200,CH
186,2723,CH
187,2568,CH
188,9557,CH
189,3149,CH
190,8847,CH
191,6770,CH
192,6193,CH
193,16453,CH
194,8188,CH
195,11101,CH
196,7378,CH
197,11390,CH
198,12327,CH
199,5874,CH
200,10202,CH
201,4543,CH
202,3935,CH
203,6830,CH
204,5735,CH
205,3134,CH
206,8596,CH
207,8504,CH
208,5630,CH
209,17874,CH
210,4393,CH
211,7284,CH
212,6396,CH
213,13486,CH
214,3578,CH
215,2992,CH
216,12599,CH
217,9209,CH
218,3505,CH
219,6258,CH
220,1898,CH
221,6429,CH
222,5483,CH
223,4287,CH
224,5568,CH
225,3466,CH
226,18625,CH
227,4731,CH
228,10603,CH
229,5725,CH
230,2894,CH
231,16820,CH
232,6136,CH
233,4342,CH
234,7323,CH
235,32478,CH
236,5096,CH
237,6990,CH
238,3101,CH
239,4655,CH
240,7134,CH
241,3779,CH
242,2171,CH
243,3076,CH
244,6554,CH
245,5835,CH
246,2743,CH
247,29044,CH
248,5281,CH
249,5324,CH
250,5368,CH
251,56466,CH
252,7553,CH
253,2775,CH
254,9847,CH
255,5215,CH
256,3479,CH
257,4430,CH
258,2813,CH
259,15505,CH
260,11095,CH
261,1076,CH
262,2507,CH
263,7328,CH
264,1782,CH
265,2513,CH
266,2094,CH
267,12419,CH
268,4209,CH
269,8132,CH
270,1080,CH
271,10468,CH
272,3277,CH
273,8458,CH
274,3621,CH
275,1279,CH
276,1134,CH
277,6388,CH
278,9729,CH
279,2115,CH
280,4825,CH
281,6546,CH
282,2212,CH
283,6134,CH
284,4351,CH
285,3565,CH
286,8200,CH
287,13093,CH
288,4028,CH
289,7448,CH
290,8224,CH
291,3998,CH
292,1881,CH
293,2563,CH
294,14159,CH
295,4429,CH
296,13314,CH
297,6710,CH
298,6575,CH
299,6032,CH
300,7962,CH
301,11013,CH
302,7658,CH
303,1973,CH
304,1196,CH
305,3375,CH
306,3966,CH
307,5170,CH
308,5229,CH
309,3807,CH
310,16437,CH
311,3562,CH
312,3535,CH
313,10117,CH
314,5327,CH
315,4914,CH
316,4328,CH
317,2983,CH
318,11369,CH
319,2946,CH
320,5523,CH
321,3696,CH
322,4864,CH
323,4576,CH
1,11007,IL
2,2742,IL
3,1882,IL
4,1149,IL
5,2725,IL
6,1510,IL
7,2854,IL
8,6303,IL
9,1552,IL
10,4541,IL
11,1703,IL
12,2330,IL
13,1951,IL
14,4808,IL
15,1523,IL
16,959,IL
17,7613,IL
18,7777,IL
19,1786,IL
20,6120,IL
21,5234,IL
22,1928,IL
23,5973,IL
24,5246,IL
25,4047,IL
26,1788,IL
27,2691,IL
28,568,IL
29,2709,IL
30,4384,IL
31,1591,IL
32,2327,IL
33,1253,IL
34,584,IL
35,8216,IL
36,1492,IL
37,1551,IL
38,1552,IL
39,978,IL
40,3114,IL
41,805,IL
42,8451,IL
43,1626,IL
44,3484,IL
45,4903,IL
46,5355,IL
47,1563,IL
48,3882,IL
49,508,IL
50,7163,IL
51,4994,IL
52,1014,IL
53,14371,IL
54,4910,IL
55,1446,IL
56,1299,IL
57,1092,IL
58,750,IL
59,1959,IL
60,12612,IL
61,739,IL
62,5163,IL
63,2071,IL
64,2131,IL
65,2247,IL
66,946,IL
67,6878,IL
68,1441,IL
69,743,IL
70,9122,IL
71,2993,IL
72,1590,IL
73,1469,IL
74,3603,IL
75,3528,IL
76,4980,IL
77,2383,IL
78,5759,IL
79,2550,IL
80,6987,IL
81,2386,IL
82,2636,IL
83,3655,IL
84,2169,IL
85,4803,IL
86,6704,IL
87,5151,IL
88,1095,IL
89,4930,IL
90,8610,IL
91,2468,IL
92,5290,IL
93,3621,IL
94,3630,IL
95,1536,IL
96,2967,IL
97,2295,IL
98,1045,IL
99,1712,IL
100,816,IL
101,2266,IL
102,1563,IL
103,3187,IL
104,1843,IL
105,4990,IL
106,1529,IL
107,1526,IL
108,2463,IL
109,8234,IL
110,594,IL
111,2419,IL
112,2125,IL
113,2296,IL
114,9205,IL
115,2235,IL
116,1089,IL
117,5614,IL
118,10469,IL
119,5652,IL
120,4988,IL
121,3327,IL
122,2766,IL
123,2405,IL
124,3095,IL
125,1192,IL
126,4906,IL
127,3369,IL
128,8362,IL
129,4942,IL
130,5908,IL
131,6969,IL
132,6276,IL
133,3094,IL
134,9652,IL
135,1546,IL
136,2712,IL
137,9249,IL
138,4040,IL
139,2458,IL
140,1547,IL
141,1699,IL
142,815,IL
143,5317,IL
144,1366,IL
145,1775,IL
146,3835,IL
147,2492,IL
148,5895,IL
149,1215,IL
150,1011,IL
151,628,IL
152,2042,IL
153,3147,IL
154,1663,IL
155,1094,IL
156,574,IL
157,1527,IL
158,1824,IL
159,741,IL
160,3521,IL
161,5632,IL
162,924,IL
163,5652,IL
164,2967,IL
165,1492,IL
166,4347,IL
167,2530,IL
168,1199,IL
169,799,IL
170,1003,IL
171,3868,IL
172,1378,IL
173,2583,IL
174,1691,IL
175,1109,IL
176,2900,IL
177,1088,IL
178,3590,IL
179,1317,IL
1,1659,B.E.
2,3644,B.E.
3,2516,B.E.
4,6253,B.E.
5,984,B.E.
6,743,B.E.
7,602,B.E.
8,3379,B.E.
9,649,B.E.
10,2562,B.E.
11,2266,B.E.
12,453,B.E.
13,987,B.E.
14,2265,B.E.
15,899,B.E.
16,1830,B.E.
17,492,B.E.
18,815,B.E.
19,864,B.E.
20,1585,B.E.
21,1089,B.E.
22,3943,B.E.
23,1377,B.E.
24,1284,B.E.
25,258,B.E.
26,514,B.E.
27,2284,B.E.
28,2403,B.E.
29,560,B.E.
30,2437,B.E.
31,2136,B.E.
32,2233,B.E.
33,9815,B.E.
34,1547,B.E.
35,311,B.E.
36,607,B.E.
37,244,B.E.
38,6718,B.E.
39,661,B.E.
40,984,B.E.
41,855,B.E.
42,334,B.E.
43,963,B.E.
44,826,B.E.
45,3564,B.E.
46,1571,B.E.
47,2203,B.E.
48,862,B.E.
49,392,B.E.
50,3384,B.E.
51,6089,B.E.
52,1331,B.E.
53,2225,B.E.
54,1046,B.E.
55,2564,B.E.
56,1139,B.E.
57,2064,B.E.
58,2173,B.E.
59,663,B.E.
60,540,B.E.
61,1810,B.E.
62,1935,B.E.
63,1935,B.E.
64,695,B.E.
65,250,B.E.
66,3440,B.E.
67,1327,B.E.
68,202,B.E.
69,788,B.E.
70,2606,B.E.
71,2115,B.E.
72,4375,B.E.
73,1118,B.E.
74,1077,B.E.
75,2601,B.E.
76,713,B.E.
77,703,B.E.
78,446,B.E.
79,4036,B.E.
80,3623,B.E.
81,7236,B.E.
82,3964,B.E.
83,720,B.E.
84,6756,B.E.
85,4974,B.E.
86,875,B.E.
87,629,B.E.
88,3845,B.E.
89,3054,B.E.
90,314,B.E.
91,624,B.E.
92,1015,B.E.
93,660,B.E.
94,2126,B.E.
95,518,B.E.
96,1816,B.E.
97,525,B.E.
98,5563,B.E.
99,513,B.E.
100,1095,B.E.
101,717,B.E.
102,2892,B.E.
103,1769,B.E.
104,5302,B.E.
105,579,B.E.
106,6951,B.E.
107,2664,B.E.
108,2651,B.E.
109,4237,B.E.
110,489,B.E.
111,693,B.E.
112,831,B.E.
113,1424,B.E.
114,3867,B.E.
115,2688,B.E.
116,813,B.E.
117,2699,B.E.
118,921,B.E.
119,745,B.E.
120,1467,B.E.
121,-1,B.E.
122,2017,B.E.
123,3233,B.E.
124,1465,B.E.
125,932,B.E.
126,1322,B.E.
127,2085,B.E.
128,2948,B.E.
129,5015,B.E.
130,1390,B.E.
131,2133,B.E.
132,922,B.E.
133,485,B.E.
134,2584,B.E.
135,3152,B.E.
136,1562,B.E.
137,2611,B.E.
138,3227,B.E.
139,2138,B.E.
140,436,B.E.
141,2166,B.E.
142,1223,B.E.
143,2619,B.E.
144,4353,B.E.
145,6488,B.E.
146,6041,B.E.
147,5160,B.E.
148,7768,B.E.
149,7924,B.E.
150,3061,B.E.
151,1971,B.E.
152,1327,B.E.
153,1651,B.E.
154,835,B.E.
155,1390,B.E.
156,1213,B.E.
157,1021,B.E.
158,1170,B.E.
159,4328,B.E.
160,1327,B.E.
161,1683,B.E.
162,3234,B.E.
163,3842,B.E.
164,9447,B.E.
165,2355,B.E.
166,13051,B.E.
167,10433,B.E.
168,6801,B.E.
169,1400,B.E.
170,672,B.E.
171,2918,B.E.
172,1291,B.E.
173,1167,B.E.
174,3712,B.E.
175,662,B.E.
176,1934,B.E.
177,640,B.E.
178,1337,B.E.
179,3707,B.E.
180,2135,B.E.
181,1896,B.E.
182,2062,B.E.
183,1759,B.E.
184,1571,B.E.
185,898,B.E.
186,2736,B.E.
187,3561,B.E.
188,4407,B.E.
189,3811,B.E.
190,1705,B.E.
191,516,B.E.
192,3928,B.E.
193,1378,B.E.
194,1233,B.E.
195,430,B.E.
196,1078,B.E.
197,1248,B.E.
198,598,B.E.
199,726,B.E.
200,1763,B.E.
201,4738,B.E.
202,5577,B.E.
203,791,B.E.
204,1848,B.E.
205,9314,B.E.
206,1467,B.E.
207,2911,B.E.
208,1016,B.E.
209,2880,B.E.
210,527,B.E.
211,1345,B.E.
212,777,B.E.
213,1332,B.E.
214,727,B.E.
1,810,PCP
2,522,PCP
3,1023,PCP
4,794,PCP
5,1750,PCP
6,492,PCP
7,972,PCP
8,1170,PCP
9,295,PCP
10,727,PCP
11,531,PCP
12,1139,PCP
13,333,PCP
14,441,PCP
15,568,PCP
16,1576,PCP
17,2460,PCP
18,437,PCP
19,1357,PCP
20,1159,PCP
21,1248,PCP
22,2442,PCP
23,806,PCP
24,545,PCP
25,254,PCP
26,1426,PCP
27,726,PCP
28,1295,PCP
29,149,PCP
30,191,PCP
31,853,PCP
32,189,PCP
33,509,PCP
34,860,PCP
35,771,PCP
36,151,PCP
37,1760,PCP
38,459,PCP
39,1659,PCP
40,376,PCP
41,1031,PCP
42,162,PCP
43,529,PCP
44,659,PCP
45,120,PCP
46,357,PCP
47,2175,PCP
48,1117,PCP
49,204,PCP
50,1358,PCP
51,728,PCP
52,209,PCP
53,341,PCP
54,744,PCP
55,181,PCP
56,1270,PCP
57,259,PCP
58,619,PCP
59,150,PCP
60,152,PCP
61,661,PCP
62,341,PCP
63,205,PCP
64,1298,PCP
65,159,PCP
66,434,PCP
67,774,PCP
68,305,PCP
69,370,PCP
70,373,PCP
71,1644,PCP
72,1130,PCP
73,819,PCP
74,251,PCP
75,337,PCP
76,1129,PCP
77,1060,PCP
78,1183,PCP
79,597,PCP
80,1165,PCP
81,501,PCP
82,420,PCP
83,1179,PCP
84,466,PCP
85,289,PCP
86,849,PCP
87,345,PCP
88,246,PCP
89,511,PCP
90,280,PCP
91,862,PCP
92,275,PCP
93,238,PCP
94,1322,PCP
95,618,PCP
96,223,PCP
97,793,PCP
98,728,PCP
99,1082,PCP
100,198,PCP
101,610,PCP
102,1545,PCP
103,641,PCP
104,882,PCP
105,445,PCP
106,606,PCP
107,249,PCP
108,163,PCP
109,984,PCP
110,253,PCP
111,246,PCP
112,380,PCP
113,1097,PCP
114,1272,PCP
115,1273,PCP
116,268,PCP
117,234,PCP
118,927,PCP
119,365,PCP
120,118,PCP
121,596,PCP
122,267,PCP
123,582,PCP
124,475,PCP
125,238,PCP
126,635,PCP
127,204,PCP
128,468,PCP
129,631,PCP
130,365,PCP
131,1160,PCP
132,616,PCP
133,220,PCP
134,803,PCP
135,368,PCP
136,350,PCP
137,697,PCP
138,507,PCP
139,843,PCP
140,798,PCP
141,1911,PCP
142,934,PCP
143,1035,PCP
144,756,PCP
145,752,PCP
146,308,PCP
147,1176,PCP
148,412,PCP
149,751,PCP
150,875,PCP
151,458,PCP
152,1255,PCP
153,275,PCP
154,1663,PCP
155,529,PCP
156,229,PCP
157,198,PCP
158,447,PCP
159,850,PCP
160,359,PCP
161,187,PCP
162,632,PCP
163,511,PCP
164,267,PCP
165,527,PCP
166,308,PCP
167,381,PCP
168,600,PCP
169,319,PCP
170,383,PCP
171,43,PCP
172,423,PCP
173,597,PCP
174,836,PCP
175,350,PCP
176,422,PCP
177,589,PCP
178,1075,PCP
179,454,PCP
180,157,PCP
181,275,PCP
182,306,PCP
183,1458,PCP
184,684,PCP
185,604,PCP
186,1637,PCP
187,1057,PCP
188,997,PCP
189,199,PCP
190,247,PCP
191,1557,PCP
192,808,PCP
193,347,PCP
194,550,PCP
195,378,PCP
196,284,PCP
197,465,PCP
198,197,PCP
199,405,PCP
200,862,PCP
201,508,PCP
202,726,PCP
203,1001,PCP
204,2447,PCP
205,632,PCP
206,865,PCP
207,568,PCP
208,1413,PCP
209,302,PCP
210,449,PCP
211,431,PCP
212,808,PCP
213,1004,PCP
214,257,PCP
215,1043,PCP
216,545,PCP
217,320,PCP
218,1169,PCP
219,271,PCP
220,329,PCP
221,1183,PCP
222,2515,PCP
223,594,PCP
224,267,PCP
225,918,PCP
226,396,PCP
227,980,PCP
228,446,PCP
229,396,PCP
230,458,PCP
231,292,PCP
232,1264,PCP
233,2576,PCP
234,322,PCP
235,552,PCP
236,603,PCP
237,471,PCP
238,370,PCP
239,877,PCP
240,564,PCP
241,732,PCP
242,1470,PCP
243,726,PCP
244,380,PCP
245,1809,PCP
246,438,PCP
247,209,PCP
248,602,PCP
249,1068,PCP
250,715,PCP
251,349,PCP
252,2989,PCP
253,1154,PCP
254,1519,PCP
255,733,PCP
256,302,PCP
257,665,PCP
258,307,PCP
259,1114,PCP
260,760,PCP
261,689,PCP
262,493,PCP
263,743,PCP
264,388,PCP
265,400,PCP
266,625,PCP
267,389,PCP
268,348,PCP
269,613,PCP
270,645,PCP
271,916,PCP
272,495,PCP
273,376,PCP
274,278,PCP
275,415,PCP
276,637,PCP
277,492,PCP
278,221,PCP
279,161,PCP
280,707,PCP
281,305,PCP
282,338,PCP
283,496,PCP
284,1738,PCP
285,217,PCP
286,970,PCP
287,221,PCP
288,260,PCP
289,339,PCP
290,653,PCP
291,639,PCP
292,555,PCP
293,242,PCP
294,543,PCP
295,960,PCP
296,600,PCP
297,593,PCP
298,477,PCP
299,760,PCP
300,1328,PCP
301,748,PCP
302,490,PCP
303,2550,PCP
304,394,PCP
305,293,PCP
306,481,PCP
307,392,PCP
308,467,PCP
309,1038,PCP
310,930,PCP
311,1408,PCP
312,107,PCP
313,586,PCP
314,603,PCP
315,359,PCP
316,598,PCP
317,473,PCP
318,1052,PCP
319,395,PCP
320,327,PCP
321,316,PCP
322,304,PCP
323,272,PCP
324,793,PCP
325,241,PCP
326,256,PCP
327,1183,PCP
328,418,PCP
329,712,PCP
330,390,PCP
331,157,PCP
332,514,PCP
333,429,PCP
334,533,PCP
335,1938,PCP
336,211,PCP
337,571,PCP
338,116,PCP
339,403,PCP
340,724,PCP
341,210,PCP
342,208,PCP
343,410,PCP
344,412,PCP
345,334,PCP
346,915,PCP
347,255,PCP
348,662,PCP
349,408,PCP
350,2246,PCP
351,217,PCP
352,469,PCP
353,218,PCP
354,345,PCP
355,881,PCP
356,802,PCP
357,196,PCP
358,473,PCP
359,263,PCP
360,967,PCP
361,1074,PCP
362,789,PCP
363,419,PCP
364,703,PCP
365,708,PCP
366,244,PCP
367,374,PCP
368,715,PCP
369,775,PCP
370,405,PCP
371,1187,PCP
372,390,PCP
373,1995,PCP
374,136,PCP
375,303,PCP
376,228,PCP
377,517,PCP
378,263,PCP
379,523,PCP
380,317,PCP
381,2263,PCP
382,283,PCP
383,258,PCP
384,1387,PCP
385,411,PCP
386,126,PCP
387,475,PCP
388,925,PCP
389,357,PCP
390,526,PCP
391,546,PCP
392,943,PCP
393,1198,PCP
394,398,PCP
395,665,PCP
396,259,PCP
397,346,PCP
398,650,PCP
399,493,PCP
400,293,PCP
401,667,PCP
402,410,PCP
403,394,PCP
404,470,PCP
405,248,PCP
406,857,PCP
407,1386,PCP
408,606,PCP
409,590,PCP
410,391,PCP
411,556,PCP
412,698,PCP
413,759,PCP
414,604,PCP
415,470,PCP
416,530,PCP
417,318,PCP
418,407,PCP
419,1168,PCP
420,554,PCP
421,394,PCP
1,1243,L
2,477,L
3,1268,L
4,3294,L
5,591,L
6,184,L
7,227,L
8,422,L
9,715,L
10,281,L
11,200,L
12,269,L
13,591,L
14,2079,L
15,289,L
16,817,L
17,1484,L
18,105,L
19,-1,L
20,1158,L
21,718,L
22,1278,L
23,341,L
24,311,L
25,256,L
26,1325,L
27,616,L
28,70,L
29,1594,L
30,41,L
31,331,L
32,512,L
33,98,L
34,957,L
35,393,L
36,74,L
37,182,L
38,340,L
39,1036,L
40,95,L
41,3349,L
42,703,L
43,176,L
44,1899,L
45,118,L
46,230,L
47,72,L
48,341,L
49,322,L
50,154,L
51,123,L
52,634,L
53,92,L
54,154,L
55,442,L
56,149,L
57,130,L
58,1191,L
59,126,L
60,192,L
61,1070,L
62,1932,L
63,451,L
64,73,L
65,127,L
66,824,L
67,1073,L
68,1418,L
69,68,L
70,3096,L
71,127,L
72,115,L
73,388,L
74,171,L
75,123,L
76,215,L
77,675,L
78,89,L
79,1664,L
80,127,L
81,123,L
82,325,L
83,77,L
84,84,L
85,423,L
86,244,L
87,3702,L
88,151,L
89,281,L
90,3835,L
91,259,L
92,442,L
93,821,L
94,170,L
95,228,L
96,64,L
97,189,L
98,93,L
99,61,L
100,59,L
101,269,L
102,458,L
103,194,L
104,120,L
105,69,L
106,492,L
107,279,L
108,360,L
109,181,L
110,597,L
111,620,L
112,76,L
113,196,L
114,84,L
115,170,L
116,606,L
117,175,L
118,270,L
119,120,L
120,1887,L
121,190,L
122,137,L
123,128,L
124,163,L
125,744,L
126,145,L
127,79,L
128,261,L
129,126,L
130,300,L
131,305,L
132,94,L
133,111,L
134,64,L
135,127,L
136,170,L
137,123,L
138,269,L
139,3316,L
140,481,L
141,131,L
142,154,L
143,123,L
144,184,L
145,401,L
146,511,L
147,254,L
148,102,L
149,135,L
150,211,L
151,119,L
152,133,L
153,2744,L
154,310,L
155,442,L
156,622,L
157,113,L
158,980,L
159,84,L
160,77,L
161,717,L
162,183,L
163,957,L
164,343,L
165,221,L
166,762,L
167,126,L
168,2870,L
169,176,L
170,249,L
171,71,L
172,276,L
173,64,L
174,100,L
175,219,L
176,118,L
177,418,L
178,96,L
179,760,L
180,141,L
181,95,L
182,228,L
183,151,L
184,135,L
185,70,L
186,152,L
187,2778,L
188,237,L
189,175,L
190,3902,L
191,282,L
192,1211,L
193,230,L
194,452,L
195,218,L
196,193,L
197,2723,L
198,267,L
199,144,L
200,635,L
201,171,L
202,307,L
203,342,L
204,259,L
205,580,L
206,79,L
207,505,L
208,69,L
209,104,L
210,524,L
211,79,L
212,149,L
213,248,L
214,408,L
215,156,L
216,124,L
217,143,L
218,29,L
219,220,L
220,149,L
221,300,L
222,369,L
223,214,L
224,209,L
225,141,L
226,139,L
227,848,L
228,140,L
229,1256,L
230,1868,L
231,4376,L
232,3991,L
233,153,L
234,364,L
235,282,L
236,148,L
237,196,L
238,309,L
239,311,L
240,155,L
241,1870,L
242,82,L
243,914,L
244,177,L
245,1127,L
246,2188,L
247,360,L
248,157,L
249,145,L
250,378,L
251,136,L
252,1773,L
253,357,L
254,366,L
255,1488,L
256,638,L
257,707,L
258,1172,L
259,188,L
260,1793,L
261,1031,L
262,327,L
263,4546,L
264,771,L
265,855,L
266,142,L
267,180,L
268,373,L
269,4882,L
270,1541,L
271,255,L
272,443,L
273,1643,L
274,1184,L
275,623,L
276,1113,L
277,264,L
278,213,L
279,2273,L
280,167,L
281,223,L
282,525,L
283,151,L
284,78,L
285,135,L
286,380,L
287,212,L
288,212,L
289,922,L
290,367,L
291,768,L
292,1083,L
293,521,L
294,433,L
295,1651,L
296,581,L
297,339,L
298,1978,L
299,3369,L
300,394,L
301,825,L
302,169,L
303,364,L
304,2112,L
305,301,L
306,375,L
307,1164,L
308,128,L
309,233,L
310,1602,L
311,582,L
312,380,L
313,1146,L
314,528,L
315,622,L
316,1145,L
317,768,L
318,1642,L
319,701,L
320,527,L
321,559,L
322,224,L
323,346,L
324,939,L
325,2141,L
1,1161,PAN
2,330,PAN
3,500,PAN
4,1849,PAN
5,710,PAN
6,308,PAN
7,737,PAN
8,848,PAN
9,2584,PAN
10,600,PAN
11,613,PAN
12,436,PAN
13,340,PAN
14,158,PAN
15,158,PAN
16,980,PAN
17,510,PAN
18,238,PAN
19,376,PAN
20,371,PAN
21,672,PAN
22,552,PAN
23,180,PAN
24,326,PAN
25,152,PAN
26,301,PAN
27,557,PAN
28,367,PAN
29,650,PAN
30,232,PAN
31,203,PAN
32,1655,PAN
33,2027,PAN
34,496,PAN
35,1368,PAN
36,322,PAN
37,129,PAN
38,1226,PAN
39,229,PAN
40,171,PAN
41,284,PAN
42,2925,PAN
43,292,PAN
44,249,PAN
45,261,PAN
46,291,PAN
47,298,PAN
48,328,PAN
49,235,PAN
50,8239,PAN
51,155,PAN
52,133,PAN
53,272,PAN
54,174,PAN
55,217,PAN
56,258,PAN
57,329,PAN
58,152,PAN
59,218,PAN
60,216,PAN
61,219,PAN
62,318,PAN
63,151,PAN
64,409,PAN
65,1330,PAN
66,279,PAN
67,308,PAN
68,448,PAN
69,323,PAN
70,259,PAN
71,1873,PAN
72,439,PAN
73,-1,PAN
74,1582,PAN
75,305,PAN
76,530,PAN
77,295,PAN
78,1261,PAN
79,1410,PAN
80,1422,PAN
81,291,PAN
82,350,PAN
83,1012,PAN
84,541,PAN
85,2853,PAN
86,1252,PAN
87,607,PAN
88,299,PAN
89,2461,PAN
90,210,PAN
91,2679,PAN
92,240,PAN
93,415,PAN
94,529,PAN
95,980,PAN
96,500,PAN
97,2451,PAN
98,2370,PAN
99,278,PAN
100,286,PAN
101,644,PAN
102,190,PAN
103,152,PAN
104,575,PAN
105,269,PAN
106,407,PAN
107,581,PAN
108,1458,PAN
109,119,PAN
110,240,PAN
